iter	MultiClass
0	1.096490005
1	1.094605086
2	1.092399491
3	1.090235878
4	1.088247753
5	1.085957041
6	1.083750343
7	1.081618696
8	1.079743997
9	1.077807823
10	1.075792357
11	1.073717781
12	1.071758526
13	1.069836823
14	1.067951643
15	1.066666156
16	1.065319591
17	1.063587336
18	1.061845525
19	1.060266386
20	1.058596812
21	1.056799822
22	1.055099668
23	1.053335392
24	1.051731196
25	1.05023244
26	1.048751893
27	1.047013206
28	1.045456806
29	1.04401363
30	1.042549207
31	1.041049788
